{"cameraMode":{"drawMode":0,"name":"Shaded","section":"Shading Mode"},"sceneLighting":true,"audioPlay":false,"sceneViewState":{"showFog":true,"showMaterialUpdate":false,"showSkybox":true,"showFlares":true,"showImageEffects":true,"showParticleSystems":true},"in2DMode":false,"pivot":{"x":0.6653304100036621,"y":1.3601651191711426,"z":2.8301382064819338},"rotation":{"x":0.10091733932495117,"y":-0.13241203129291535,"z":0.013553079217672348,"w":0.9859515428543091},"size":13.202112197875977,"orthographic":true}