{"cameraMode":{"drawMode":0,"name":"Shaded","section":"Shading Mode"},"sceneLighting":true,"audioPlay":false,"sceneViewState":{"showFog":true,"showMaterialUpdate":false,"showSkybox":true,"showFlares":true,"showImageEffects":true,"showParticleSystems":true},"in2DMode":false,"pivot":{"x":5.625276565551758,"y":3.6768651008605959,"z":4.107361793518066},"rotation":{"x":-0.026987241581082345,"y":0.6224146485328674,"z":-0.021481828764081,"w":-0.7819291353225708},"size":17.9923038482666,"orthographic":true}